Date,Open,High,Low,Close,Volume
2017-06-20T00:00:00.000000Z,1243.833,1244.399,1242.944,1243.994,1000000
2017-06-20T01:00:00.000000Z,1243.892,1246.080,1243.862,1245.660,1000000
2017-06-20T02:00:00.000000Z,1245.762,1245.957,1245.018,1245.226,1000000
2017-06-20T03:00:00.000000Z,1245.212,1245.778,1244.935,1245.201,1000000
2017-06-20T04:00:00.000000Z,1245.108,1245.662,1244.958,1245.310,1000000
2017-06-20T05:00:00.000000Z,1245.408,1246.163,1244.971,1246.050,1000000
2017-06-20T06:00:00.000000Z,1246.053,1247.127,1245.754,1246.217,1000000
2017-06-20T07:00:00.000000Z,1246.124,1247.819,1245.981,1246.914,1000000
2017-06-20T08:00:00.000000Z,1247.030,1247.496,1246.491,1247.068,1000000
2017-06-20T09:00:00.000000Z,1247.169,1247.366,1246.530,1246.869,1000000
2017-06-20T10:00:00.000000Z,1246.858,1247.536,1245.539,1246.205,1000000
2017-06-20T11:00:00.000000Z,1246.112,1246.438,1243.874,1244.996,1000000
2017-06-20T12:00:00.000000Z,1244.986,1248.246,1244.900,1245.074,1000000
2017-06-20T13:00:00.000000Z,1245.054,1245.758,1241.668,1242.464,1000000
2017-06-20T14:00:00.000000Z,1242.559,1244.468,1241.330,1242.895,1000000
2017-06-20T15:00:00.000000Z,1242.988,1244.142,1242.305,1243.873,1000000
2017-06-20T16:00:00.000000Z,1243.968,1244.678,1243.471,1243.778,1000000
2017-06-20T17:00:00.000000Z,1243.769,1243.962,1242.061,1242.812,1000000
2017-06-20T18:00:00.000000Z,1242.716,1244.260,1242.374,1243.961,1000000
2017-06-20T19:00:00.000000Z,1243.954,1244.104,1242.583,1242.697,1000000
2017-06-20T20:00:00.000000Z,1242.720,1243.466,1242.372,1243.466,1000000
2017-06-20T22:00:00.000000Z,1243.278,1245.032,1242.876,1244.942,1000000
2017-06-20T23:00:00.000000Z,1244.818,1245.374,1244.512,1244.956,1000000
2017-06-21T00:00:00.000000Z,1245.055,1245.946,1244.524,1245.201,1000000
2017-06-21T01:00:00.000000Z,1245.209,1246.319,1244.930,1246.043,1000000
2017-06-21T02:00:00.000000Z,1245.943,1246.374,1245.257,1245.734,1000000
2017-06-21T03:00:00.000000Z,1245.633,1246.622,1245.516,1246.315,1000000
2017-06-21T04:00:00.000000Z,1246.326,1247.037,1246.181,1246.636,1000000
2017-06-21T05:00:00.000000Z,1246.528,1246.863,1245.506,1245.640,1000000
2017-06-21T06:00:00.000000Z,1245.740,1246.624,1245.283,1245.468,1000000
2017-06-21T07:00:00.000000Z,1245.371,1246.506,1244.780,1245.638,1000000
2017-06-21T08:00:00.000000Z,1245.728,1246.626,1245.054,1246.361,1000000
2017-06-21T09:00:00.000000Z,1246.461,1247.592,1245.809,1247.404,1000000
2017-06-21T10:00:00.000000Z,1247.494,1247.953,1246.496,1247.378,1000000
2017-06-21T11:00:00.000000Z,1247.268,1247.384,1244.746,1245.103,1000000
2017-06-21T12:00:00.000000Z,1245.004,1245.772,1242.778,1243.146,1000000
2017-06-21T13:00:00.000000Z,1243.055,1243.942,1240.815,1243.330,1000000
2017-06-21T14:00:00.000000Z,1243.189,1246.404,1242.200,1244.892,1000000
2017-06-21T15:00:00.000000Z,1244.882,1247.091,1243.987,1244.265,1000000
2017-06-21T16:00:00.000000Z,1244.258,1245.654,1244.199,1245.416,1000000
2017-06-21T17:00:00.000000Z,1245.508,1246.140,1244.588,1245.770,1000000
2017-06-21T18:00:00.000000Z,1245.760,1246.774,1245.684,1246.398,1000000
2017-06-21T19:00:00.000000Z,1246.388,1247.496,1245.834,1246.273,1000000
2017-06-21T20:00:00.000000Z,1246.372,1246.726,1245.082,1246.362,1000000
2017-06-21T22:00:00.000000Z,1245.832,1247.231,1245.758,1246.709,1000000
2017-06-21T23:00:00.000000Z,1246.849,1250.076,1246.849,1249.083,1000000
2017-06-22T00:00:00.000000Z,1248.966,1251.142,1248.794,1250.855,1000000
2017-06-22T01:00:00.000000Z,1250.959,1253.138,1250.748,1252.880,1000000
2017-06-22T02:00:00.000000Z,1252.774,1254.064,1252.552,1253.206,1000000
2017-06-22T03:00:00.000000Z,1253.305,1253.538,1251.929,1252.222,1000000
2017-06-22T04:00:00.000000Z,1252.314,1253.184,1251.869,1252.725,1000000
2017-06-22T05:00:00.000000Z,1252.826,1255.082,1252.154,1254.149,1000000
2017-06-22T06:00:00.000000Z,1254.033,1254.152,1252.419,1252.965,1000000
2017-06-22T07:00:00.000000Z,1252.979,1253.859,1252.394,1252.823,1000000
2017-06-22T08:00:00.000000Z,1252.921,1252.962,1251.222,1252.129,1000000
2017-06-22T09:00:00.000000Z,1252.026,1252.659,1251.383,1251.562,1000000
2017-06-22T10:00:00.000000Z,1251.469,1251.930,1250.555,1250.744,1000000
2017-06-22T11:00:00.000000Z,1250.846,1251.388,1249.438,1250.825,1000000
2017-06-22T12:00:00.000000Z,1250.917,1254.176,1250.818,1253.660,1000000
2017-06-22T13:00:00.000000Z,1253.763,1253.953,1250.928,1251.057,1000000
2017-06-22T14:00:00.000000Z,1250.953,1251.594,1249.690,1250.453,1000000
2017-06-22T15:00:00.000000Z,1250.353,1251.193,1249.954,1250.574,1000000
2017-06-22T16:00:00.000000Z,1250.676,1251.582,1250.427,1250.896,1000000
2017-06-22T17:00:00.000000Z,1250.908,1251.182,1248.372,1248.581,1000000
2017-06-22T18:00:00.000000Z,1248.480,1249.638,1246.666,1249.189,1000000
2017-06-22T19:00:00.000000Z,1249.184,1250.661,1248.978,1250.218,1000000
2017-06-22T20:00:00.000000Z,1250.228,1250.890,1249.511,1250.459,1000000
2017-06-22T22:00:00.000000Z,1250.779,1252.456,1250.254,1252.389,1000000
2017-06-22T23:00:00.000000Z,1252.395,1252.403,1251.102,1251.582,1000000
2017-06-23T00:00:00.000000Z,1251.486,1252.394,1250.363,1251.136,1000000
2017-06-23T01:00:00.000000Z,1251.142,1251.396,1249.932,1251.290,1000000
2017-06-23T02:00:00.000000Z,1251.390,1251.838,1250.705,1251.023,1000000
2017-06-23T03:00:00.000000Z,1251.133,1252.520,1250.860,1252.248,1000000
2017-06-23T04:00:00.000000Z,1252.256,1252.550,1251.471,1252.124,1000000
2017-06-23T05:00:00.000000Z,1252.219,1253.220,1252.106,1252.897,1000000
2017-06-23T06:00:00.000000Z,1252.795,1254.160,1252.792,1253.774,1000000
2017-06-23T07:00:00.000000Z,1253.676,1254.575,1252.972,1254.157,1000000
2017-06-23T08:00:00.000000Z,1254.258,1258.443,1254.139,1257.209,1000000
2017-06-23T09:00:00.000000Z,1257.307,1257.431,1255.696,1256.551,1000000
2017-06-23T10:00:00.000000Z,1256.642,1257.448,1256.443,1257.209,1000000
2017-06-23T11:00:00.000000Z,1257.318,1258.322,1256.753,1257.459,1000000
2017-06-23T12:00:00.000000Z,1257.560,1258.949,1256.457,1257.656,1000000
2017-06-23T13:00:00.000000Z,1257.560,1257.986,1256.276,1256.622,1000000
2017-06-23T14:00:00.000000Z,1256.766,1256.803,1255.319,1255.607,1000000
2017-06-23T15:00:00.000000Z,1255.627,1256.918,1255.462,1255.739,1000000
2017-06-23T16:00:00.000000Z,1255.646,1256.186,1254.610,1255.130,1000000
2017-06-23T17:00:00.000000Z,1255.238,1256.122,1255.126,1255.716,1000000
2017-06-23T18:00:00.000000Z,1255.826,1256.379,1255.593,1255.896,1000000
2017-06-23T19:00:00.000000Z,1255.989,1256.490,1255.654,1255.919,1000000
2017-06-23T20:00:00.000000Z,1255.826,1257.331,1255.611,1256.296,1000000
2017-06-25T22:00:00.000000Z,1257.255,1258.272,1257.064,1257.251,1000000
2017-06-25T23:00:00.000000Z,1257.360,1258.152,1257.235,1257.512,1000000
2017-06-26T00:00:00.000000Z,1257.526,1257.555,1255.656,1256.154,1000000
2017-06-26T01:00:00.000000Z,1256.049,1256.178,1254.690,1255.921,1000000
2017-06-26T02:00:00.000000Z,1255.823,1256.157,1255.622,1255.763,1000000
2017-06-26T03:00:00.000000Z,1255.666,1255.789,1254.727,1255.095,1000000
2017-06-26T04:00:00.000000Z,1255.004,1255.118,1253.554,1254.316,1000000
2017-06-26T05:00:00.000000Z,1254.213,1254.919,1253.592,1254.650,1000000
2017-06-26T06:00:00.000000Z,1254.650,1255.174,1253.631,1254.858,1000000
2017-06-26T07:00:00.000000Z,1254.757,1254.770,1253.873,1254.015,1000000
2017-06-26T08:00:00.000000Z,1253.912,1254.018,1235.814,1242.614,1000000
2017-06-26T09:00:00.000000Z,1242.736,1242.739,1238.132,1241.618,1000000
2017-06-26T10:00:00.000000Z,1241.516,1243.657,1241.264,1243.041,1000000
2017-06-26T11:00:00.000000Z,1242.938,1243.195,1240.374,1241.711,1000000
2017-06-26T12:00:00.000000Z,1241.810,1244.768,1236.788,1243.386,1000000
2017-06-26T13:00:00.000000Z,1243.391,1245.647,1243.179,1243.642,1000000
2017-06-26T14:00:00.000000Z,1243.547,1245.738,1243.547,1244.655,1000000
2017-06-26T15:00:00.000000Z,1244.748,1245.446,1242.658,1243.302,1000000
2017-06-26T16:00:00.000000Z,1243.401,1245.055,1243.085,1243.915,1000000
2017-06-26T17:00:00.000000Z,1243.906,1246.193,1243.905,1245.142,1000000
2017-06-26T18:00:00.000000Z,1245.034,1245.208,1242.289,1242.654,1000000
2017-06-26T19:00:00.000000Z,1242.756,1244.538,1242.440,1244.336,1000000
2017-06-26T20:00:00.000000Z,1244.431,1244.834,1243.760,1244.532,1000000
2017-06-26T22:00:00.000000Z,1244.532,1244.785,1242.622,1242.801,1000000
2017-06-26T23:00:00.000000Z,1242.669,1243.497,1242.491,1243.223,1000000
2017-06-27T00:00:00.000000Z,1243.124,1243.222,1241.407,1242.283,1000000
2017-06-27T01:00:00.000000Z,1242.179,1243.654,1241.462,1243.278,1000000
2017-06-27T02:00:00.000000Z,1243.272,1245.004,1243.268,1244.900,1000000
2017-06-27T03:00:00.000000Z,1244.792,1245.732,1244.466,1244.763,1000000
2017-06-27T04:00:00.000000Z,1244.662,1245.391,1244.662,1245.234,1000000
2017-06-27T05:00:00.000000Z,1245.233,1245.910,1244.938,1245.262,1000000
2017-06-27T06:00:00.000000Z,1245.145,1252.441,1245.122,1250.752,1000000
2017-06-27T07:00:00.000000Z,1250.854,1251.541,1249.475,1250.820,1000000
2017-06-27T08:00:00.000000Z,1250.916,1253.322,1250.824,1251.368,1000000
2017-06-27T09:00:00.000000Z,1251.385,1251.878,1250.361,1250.580,1000000
2017-06-27T10:00:00.000000Z,1250.479,1252.159,1250.290,1251.391,1000000
2017-06-27T11:00:00.000000Z,1251.405,1251.741,1248.511,1248.801,1000000
2017-06-27T12:00:00.000000Z,1248.899,1251.136,1248.298,1249.242,1000000
2017-06-27T13:00:00.000000Z,1249.224,1251.805,1248.964,1250.598,1000000
2017-06-27T14:00:00.000000Z,1250.610,1250.636,1247.684,1248.061,1000000
2017-06-27T15:00:00.000000Z,1248.046,1248.312,1246.476,1246.884,1000000
2017-06-27T16:00:00.000000Z,1246.789,1247.196,1246.118,1246.762,1000000
2017-06-27T17:00:00.000000Z,1246.753,1248.862,1245.785,1248.674,1000000
2017-06-27T18:00:00.000000Z,1248.578,1250.618,1248.486,1250.310,1000000
2017-06-27T19:00:00.000000Z,1250.280,1250.853,1249.161,1249.204,1000000
2017-06-27T20:00:00.000000Z,1249.314,1249.364,1246.588,1247.262,1000000
2017-06-27T22:00:00.000000Z,1246.755,1248.432,1246.257,1248.432,1000000
2017-06-27T23:00:00.000000Z,1248.455,1249.798,1248.166,1249.256,1000000
2017-06-28T00:00:00.000000Z,1249.244,1250.101,1248.761,1249.424,1000000
2017-06-28T01:00:00.000000Z,1249.412,1251.207,1248.352,1250.874,1000000
2017-06-28T02:00:00.000000Z,1250.972,1253.024,1250.868,1252.531,1000000
2017-06-28T03:00:00.000000Z,1252.430,1253.586,1252.027,1252.526,1000000
2017-06-28T04:00:00.000000Z,1252.622,1252.939,1251.413,1251.426,1000000
2017-06-28T05:00:00.000000Z,1251.534,1252.469,1251.054,1251.466,1000000
2017-06-28T06:00:00.000000Z,1251.457,1252.107,1250.632,1251.046,1000000
2017-06-28T07:00:00.000000Z,1251.149,1252.471,1249.545,1252.045,1000000
2017-06-28T08:00:00.000000Z,1251.950,1254.626,1251.710,1253.089,1000000
2017-06-28T09:00:00.000000Z,1253.184,1253.779,1251.326,1252.388,1000000
2017-06-28T10:00:00.000000Z,1252.298,1253.733,1251.802,1253.101,1000000
2017-06-28T11:00:00.000000Z,1252.999,1254.070,1252.118,1252.694,1000000
2017-06-28T12:00:00.000000Z,1252.788,1255.135,1250.384,1251.775,1000000
2017-06-28T13:00:00.000000Z,1251.869,1253.205,1249.231,1250.052,1000000
2017-06-28T14:00:00.000000Z,1249.898,1250.782,1247.914,1249.455,1000000
2017-06-28T15:00:00.000000Z,1249.353,1250.622,1249.114,1249.904,1000000
2017-06-28T16:00:00.000000Z,1249.806,1250.012,1248.453,1249.542,1000000
2017-06-28T17:00:00.000000Z,1249.440,1250.302,1248.504,1249.691,1000000
2017-06-28T18:00:00.000000Z,1249.600,1250.052,1248.913,1249.383,1000000
2017-06-28T19:00:00.000000Z,1249.292,1250.436,1248.792,1250.215,1000000
2017-06-28T20:00:00.000000Z,1250.197,1250.371,1248.727,1249.308,1000000
2017-06-28T22:00:00.000000Z,1249.482,1251.125,1248.876,1250.702,1000000
2017-06-28T23:00:00.000000Z,1250.580,1251.106,1249.670,1249.896,1000000
2017-06-29T00:00:00.000000Z,1249.770,1250.484,1249.070,1249.884,1000000
2017-06-29T01:00:00.000000Z,1249.769,1252.677,1249.329,1252.280,1000000
2017-06-29T02:00:00.000000Z,1252.270,1253.314,1251.426,1251.823,1000000
2017-06-29T03:00:00.000000Z,1251.922,1252.298,1251.574,1251.848,1000000
2017-06-29T04:00:00.000000Z,1251.942,1252.306,1251.421,1251.616,1000000
2017-06-29T05:00:00.000000Z,1251.621,1252.875,1251.486,1252.598,1000000
2017-06-29T06:00:00.000000Z,1252.700,1253.130,1250.679,1251.542,1000000
2017-06-29T07:00:00.000000Z,1251.645,1251.828,1245.096,1246.961,1000000
2017-06-29T08:00:00.000000Z,1246.852,1247.504,1244.012,1247.078,1000000
2017-06-29T09:00:00.000000Z,1246.972,1247.821,1246.154,1247.286,1000000
2017-06-29T10:00:00.000000Z,1247.180,1247.530,1245.400,1246.348,1000000
2017-06-29T11:00:00.000000Z,1246.253,1246.353,1243.505,1245.195,1000000
2017-06-29T12:00:00.000000Z,1245.294,1246.380,1241.069,1241.342,1000000
2017-06-29T13:00:00.000000Z,1241.439,1242.999,1239.818,1242.688,1000000
2017-06-29T14:00:00.000000Z,1242.786,1247.530,1242.567,1244.374,1000000
2017-06-29T15:00:00.000000Z,1244.364,1245.573,1242.575,1243.688,1000000
2017-06-29T16:00:00.000000Z,1243.596,1246.078,1243.074,1245.906,1000000
2017-06-29T17:00:00.000000Z,1245.772,1246.742,1244.473,1246.351,1000000
2017-06-29T18:00:00.000000Z,1246.362,1247.177,1244.666,1245.432,1000000
2017-06-29T19:00:00.000000Z,1245.548,1245.846,1243.876,1244.288,1000000
2017-06-29T20:00:00.000000Z,1244.404,1246.112,1244.105,1245.491,1000000
2017-06-29T22:00:00.000000Z,1245.565,1247.290,1245.212,1246.749,1000000
2017-06-29T23:00:00.000000Z,1246.629,1246.760,1245.432,1246.651,1000000
2017-06-30T00:00:00.000000Z,1246.540,1246.738,1244.450,1245.254,1000000
2017-06-30T01:00:00.000000Z,1245.160,1245.618,1243.822,1245.007,1000000
2017-06-30T02:00:00.000000Z,1245.099,1247.800,1245.004,1247.047,1000000
2017-06-30T03:00:00.000000Z,1246.948,1248.370,1246.261,1246.822,1000000
2017-06-30T04:00:00.000000Z,1246.722,1247.552,1246.042,1246.506,1000000
2017-06-30T05:00:00.000000Z,1246.486,1246.769,1244.126,1244.520,1000000
2017-06-30T06:00:00.000000Z,1244.414,1245.238,1242.991,1243.274,1000000
2017-06-30T07:00:00.000000Z,1243.378,1244.473,1242.008,1243.558,1000000
2017-06-30T08:00:00.000000Z,1243.556,1244.929,1243.105,1244.564,1000000
2017-06-30T09:00:00.000000Z,1244.454,1245.052,1242.999,1243.674,1000000
2017-06-30T10:00:00.000000Z,1243.767,1243.836,1242.668,1243.473,1000000
2017-06-30T11:00:00.000000Z,1243.372,1244.592,1242.912,1243.546,1000000
2017-06-30T12:00:00.000000Z,1243.649,1244.666,1239.294,1241.590,1000000
2017-06-30T13:00:00.000000Z,1241.484,1243.192,1240.626,1242.664,1000000
2017-06-30T14:00:00.000000Z,1242.668,1245.381,1242.182,1242.581,1000000
2017-06-30T15:00:00.000000Z,1242.591,1243.805,1242.283,1242.844,1000000
2017-06-30T16:00:00.000000Z,1242.941,1243.596,1241.552,1242.466,1000000
2017-06-30T17:00:00.000000Z,1242.359,1242.891,1240.988,1242.774,1000000
2017-06-30T18:00:00.000000Z,1242.659,1243.142,1240.709,1241.106,1000000
2017-06-30T19:00:00.000000Z,1240.929,1242.758,1240.907,1241.466,1000000
2017-06-30T20:00:00.000000Z,1241.465,1242.237,1240.957,1242.197,1000000
2017-07-02T22:00:00.000000Z,1241.648,1242.917,1241.406,1241.883,1000000
2017-07-02T23:00:00.000000Z,1241.734,1241.974,1240.686,1241.908,1000000
2017-07-03T00:00:00.000000Z,1241.798,1242.166,1240.258,1240.421,1000000
2017-07-03T01:00:00.000000Z,1240.528,1240.558,1237.938,1238.397,1000000
2017-07-03T02:00:00.000000Z,1238.304,1238.407,1237.410,1237.477,1000000
2017-07-03T03:00:00.000000Z,1237.462,1238.185,1236.788,1237.721,1000000
2017-07-03T04:00:00.000000Z,1237.822,1238.282,1237.558,1237.829,1000000
2017-07-03T05:00:00.000000Z,1237.821,1238.365,1235.702,1236.716,1000000
2017-07-03T06:00:00.000000Z,1236.735,1237.044,1235.668,1236.640,1000000
2017-07-03T07:00:00.000000Z,1236.620,1236.766,1234.666,1235.578,1000000
2017-07-03T08:00:00.000000Z,1235.480,1236.685,1234.932,1235.792,1000000
2017-07-03T09:00:00.000000Z,1235.691,1236.196,1233.981,1234.743,1000000
2017-07-03T10:00:00.000000Z,1234.638,1235.040,1233.510,1233.691,1000000
2017-07-03T11:00:00.000000Z,1233.793,1234.397,1232.840,1233.344,1000000
2017-07-03T12:00:00.000000Z,1233.246,1233.431,1228.826,1229.850,1000000
2017-07-03T13:00:00.000000Z,1229.738,1229.944,1224.693,1228.264,1000000
2017-07-03T14:00:00.000000Z,1228.210,1228.738,1222.434,1222.770,1000000
2017-07-03T15:00:00.000000Z,1222.756,1224.520,1220.916,1222.594,1000000
2017-07-03T16:00:00.000000Z,1222.701,1223.256,1219.079,1220.170,1000000
2017-07-03T17:00:00.000000Z,1220.172,1221.330,1219.498,1220.488,1000000
2017-07-03T18:00:00.000000Z,1220.368,1222.508,1220.356,1221.672,1000000
2017-07-03T19:00:00.000000Z,1221.576,1222.082,1221.284,1221.864,1000000
2017-07-03T20:00:00.000000Z,1221.760,1222.582,1218.546,1220.216,1000000
2017-07-03T22:00:00.000000Z,1221.075,1222.775,1221.024,1222.425,1000000
2017-07-03T23:00:00.000000Z,1222.422,1224.024,1222.031,1223.470,1000000
2017-07-04T00:00:00.000000Z,1223.583,1225.402,1223.364,1225.113,1000000
2017-07-04T01:00:00.000000Z,1224.994,1225.202,1220.643,1221.734,1000000
2017-07-04T02:00:00.000000Z,1221.852,1223.396,1221.620,1223.302,1000000
2017-07-04T03:00:00.000000Z,1223.199,1224.095,1222.930,1223.204,1000000
2017-07-04T04:00:00.000000Z,1223.212,1223.532,1221.978,1223.201,1000000
2017-07-04T05:00:00.000000Z,1223.189,1226.376,1223.189,1224.633,1000000
2017-07-04T06:00:00.000000Z,1224.626,1226.665,1224.138,1225.670,1000000
2017-07-04T07:00:00.000000Z,1225.577,1225.997,1224.246,1225.068,1000000
2017-07-04T08:00:00.000000Z,1225.058,1225.688,1224.192,1225.323,1000000
2017-07-04T09:00:00.000000Z,1225.314,1225.468,1223.750,1224.572,1000000
2017-07-04T10:00:00.000000Z,1224.584,1225.064,1224.084,1224.947,1000000
2017-07-04T11:00:00.000000Z,1225.051,1225.690,1224.773,1225.116,1000000
2017-07-04T12:00:00.000000Z,1225.016,1225.285,1224.128,1225.011,1000000
2017-07-04T13:00:00.000000Z,1225.105,1225.108,1222.516,1222.726,1000000
2017-07-04T14:00:00.000000Z,1222.829,1224.086,1222.718,1223.575,1000000
2017-07-04T15:00:00.000000Z,1223.481,1223.810,1222.856,1223.384,1000000
2017-07-04T16:00:00.000000Z,1223.286,1223.540,1222.900,1223.407,1000000
2017-07-04T22:00:00.000000Z,1223.930,1225.622,1223.352,1225.156,1000000
2017-07-04T23:00:00.000000Z,1225.292,1227.520,1224.852,1226.766,1000000
2017-07-05T00:00:00.000000Z,1226.648,1227.341,1225.138,1225.958,1000000
2017-07-05T01:00:00.000000Z,1225.846,1228.408,1225.640,1228.154,1000000
2017-07-05T02:00:00.000000Z,1228.258,1228.945,1227.240,1227.475,1000000
2017-07-05T03:00:00.000000Z,1227.484,1227.906,1226.944,1227.849,1000000
2017-07-05T04:00:00.000000Z,1227.747,1228.154,1225.962,1226.129,1000000
2017-07-05T05:00:00.000000Z,1226.036,1226.541,1224.954,1225.374,1000000
2017-07-05T06:00:00.000000Z,1225.468,1226.105,1224.478,1226.014,1000000
2017-07-05T07:00:00.000000Z,1225.904,1226.428,1222.752,1223.740,1000000
2017-07-05T08:00:00.000000Z,1223.752,1223.753,1221.568,1222.320,1000000
2017-07-05T09:00:00.000000Z,1222.311,1222.810,1220.012,1220.372,1000000
2017-07-05T10:00:00.000000Z,1220.276,1220.678,1217.182,1220.266,1000000
2017-07-05T11:00:00.000000Z,1220.272,1223.288,1219.844,1221.512,1000000
2017-07-05T12:00:00.000000Z,1221.412,1222.232,1217.817,1218.243,1000000
2017-07-05T13:00:00.000000Z,1218.232,1221.217,1218.141,1220.513,1000000
2017-07-05T14:00:00.000000Z,1220.424,1224.430,1220.232,1221.521,1000000
2017-07-05T15:00:00.000000Z,1221.618,1223.818,1220.954,1223.494,1000000
2017-07-05T16:00:00.000000Z,1223.608,1224.235,1222.629,1223.281,1000000
2017-07-05T17:00:00.000000Z,1223.264,1223.982,1221.506,1223.721,1000000
2017-07-05T18:00:00.000000Z,1223.900,1225.579,1220.010,1223.364,1000000
2017-07-05T19:00:00.000000Z,1223.356,1226.944,1222.995,1225.226,1000000
2017-07-05T20:00:00.000000Z,1225.347,1227.415,1225.142,1226.790,1000000
2017-07-05T22:00:00.000000Z,1226.916,1229.859,1225.222,1227.430,1000000
2017-07-05T23:00:00.000000Z,1227.312,1228.719,1226.562,1226.568,1000000
2017-07-06T00:00:00.000000Z,1226.680,1227.570,1224.812,1227.492,1000000
2017-07-06T01:00:00.000000Z,1227.496,1228.086,1224.318,1224.939,1000000
2017-07-06T02:00:00.000000Z,1224.950,1226.840,1223.888,1225.999,1000000
2017-07-06T03:00:00.000000Z,1225.901,1227.399,1225.549,1227.125,1000000
2017-07-06T04:00:00.000000Z,1227.119,1227.334,1226.300,1226.470,1000000
2017-07-06T05:00:00.000000Z,1226.480,1226.820,1225.264,1225.499,1000000
2017-07-06T06:00:00.000000Z,1225.605,1225.876,1224.337,1225.050,1000000
2017-07-06T07:00:00.000000Z,1224.955,1225.642,1223.214,1224.451,1000000
2017-07-06T08:00:00.000000Z,1224.356,1225.302,1223.997,1224.776,1000000
2017-07-06T09:00:00.000000Z,1224.772,1225.067,1223.469,1224.445,1000000
2017-07-06T10:00:00.000000Z,1224.348,1225.544,1223.732,1224.278,1000000
2017-07-06T11:00:00.000000Z,1224.370,1224.780,1222.733,1223.418,1000000
2017-07-06T12:00:00.000000Z,1223.324,1227.494,1223.030,1225.504,1000000
2017-07-06T13:00:00.000000Z,1225.410,1226.954,1223.760,1225.832,1000000
2017-07-06T14:00:00.000000Z,1225.642,1226.166,1223.024,1223.991,1000000
2017-07-06T15:00:00.000000Z,1223.998,1224.934,1223.102,1224.592,1000000
2017-07-06T16:00:00.000000Z,1224.606,1224.843,1222.629,1223.584,1000000
2017-07-06T17:00:00.000000Z,1223.700,1225.075,1222.986,1224.106,1000000
2017-07-06T18:00:00.000000Z,1224.005,1224.933,1223.796,1224.746,1000000
2017-07-06T19:00:00.000000Z,1224.612,1225.449,1224.020,1224.768,1000000
2017-07-06T20:00:00.000000Z,1224.669,1225.494,1224.416,1224.877,1000000
2017-07-06T22:00:00.000000Z,1225.106,1225.928,1223.954,1225.065,1000000
2017-07-06T23:00:00.000000Z,1225.102,1225.610,1218.816,1222.925,1000000
2017-07-07T00:00:00.000000Z,1222.801,1223.348,1220.944,1222.460,1000000
2017-07-07T01:00:00.000000Z,1222.584,1223.842,1219.193,1219.860,1000000
2017-07-07T02:00:00.000000Z,1219.878,1220.794,1219.276,1220.583,1000000
2017-07-07T03:00:00.000000Z,1220.684,1221.465,1220.371,1220.887,1000000
2017-07-07T04:00:00.000000Z,1220.994,1221.610,1220.370,1220.806,1000000
2017-07-07T05:00:00.000000Z,1220.702,1221.054,1219.881,1220.574,1000000
2017-07-07T06:00:00.000000Z,1220.684,1222.674,1220.346,1222.050,1000000
2017-07-07T07:00:00.000000Z,1222.060,1222.381,1221.241,1221.686,1000000
2017-07-07T08:00:00.000000Z,1221.782,1221.884,1220.638,1221.481,1000000
2017-07-07T09:00:00.000000Z,1221.576,1221.912,1220.864,1221.840,1000000
2017-07-07T10:00:00.000000Z,1221.849,1222.028,1221.198,1221.720,1000000
2017-07-07T11:00:00.000000Z,1221.719,1223.892,1221.644,1222.661,1000000
2017-07-07T12:00:00.000000Z,1222.564,1228.704,1217.620,1221.016,1000000
2017-07-07T13:00:00.000000Z,1221.150,1221.776,1213.755,1215.225,1000000
2017-07-07T14:00:00.000000Z,1215.325,1216.218,1212.454,1212.466,1000000
2017-07-07T15:00:00.000000Z,1212.461,1212.670,1207.329,1209.668,1000000
2017-07-07T16:00:00.000000Z,1209.569,1212.875,1209.566,1211.672,1000000
2017-07-07T17:00:00.000000Z,1211.561,1211.770,1209.946,1211.004,1000000
2017-07-07T18:00:00.000000Z,1211.014,1211.014,1209.382,1209.882,1000000
2017-07-07T19:00:00.000000Z,1209.875,1212.645,1209.875,1212.255,1000000
2017-07-07T20:00:00.000000Z,1212.376,1213.580,1211.850,1212.461,1000000
2017-07-09T22:00:00.000000Z,1213.920,1213.996,1211.457,1213.283,1000000
2017-07-09T23:00:00.000000Z,1213.135,1213.986,1211.960,1213.412,1000000
2017-07-10T00:00:00.000000Z,1213.514,1213.784,1212.580,1213.420,1000000
2017-07-10T01:00:00.000000Z,1213.513,1213.600,1210.373,1210.874,1000000
2017-07-10T02:00:00.000000Z,1210.760,1212.595,1210.668,1211.860,1000000
2017-07-10T03:00:00.000000Z,1211.768,1211.936,1210.565,1210.932,1000000
2017-07-10T04:00:00.000000Z,1210.812,1211.283,1210.782,1211.066,1000000
2017-07-10T05:00:00.000000Z,1211.172,1211.750,1210.758,1211.210,1000000
2017-07-10T06:00:00.000000Z,1211.112,1211.194,1204.820,1206.735,1000000
2017-07-10T07:00:00.000000Z,1206.643,1208.096,1205.329,1207.602,1000000
2017-07-10T08:00:00.000000Z,1207.499,1208.742,1206.972,1207.723,1000000
2017-07-10T09:00:00.000000Z,1207.816,1208.216,1206.848,1207.276,1000000
2017-07-10T10:00:00.000000Z,1207.270,1208.608,1207.252,1208.329,1000000
2017-07-10T11:00:00.000000Z,1208.423,1216.197,1207.992,1212.372,1000000
2017-07-10T12:00:00.000000Z,1212.271,1212.496,1209.222,1210.220,1000000
2017-07-10T13:00:00.000000Z,1210.125,1210.911,1207.495,1209.698,1000000
2017-07-10T14:00:00.000000Z,1209.801,1214.016,1209.500,1211.982,1000000
2017-07-10T15:00:00.000000Z,1212.080,1215.250,1211.984,1213.043,1000000
2017-07-10T16:00:00.000000Z,1213.136,1213.370,1211.654,1211.912,1000000
2017-07-10T17:00:00.000000Z,1212.012,1214.796,1211.640,1214.046,1000000
2017-07-10T18:00:00.000000Z,1213.946,1214.163,1213.370,1214.033,1000000
2017-07-10T19:00:00.000000Z,1213.941,1214.665,1213.408,1214.198,1000000
2017-07-10T20:00:00.000000Z,1214.099,1214.565,1213.390,1214.155,1000000
2017-07-10T22:00:00.000000Z,1214.588,1215.295,1212.540,1214.510,1000000
2017-07-10T23:00:00.000000Z,1214.363,1215.052,1212.890,1213.760,1000000
2017-07-11T00:00:00.000000Z,1213.855,1216.586,1211.912,1212.810,1000000
2017-07-11T01:00:00.000000Z,1212.914,1213.284,1211.578,1212.188,1000000
2017-07-11T02:00:00.000000Z,1212.084,1212.427,1211.171,1211.676,1000000
2017-07-11T03:00:00.000000Z,1211.574,1212.533,1211.574,1212.235,1000000
2017-07-11T04:00:00.000000Z,1212.348,1212.401,1210.526,1211.123,1000000
2017-07-11T05:00:00.000000Z,1211.028,1211.748,1209.996,1211.398,1000000
2017-07-11T06:00:00.000000Z,1211.514,1212.648,1210.940,1211.584,1000000
2017-07-11T07:00:00.000000Z,1211.678,1211.678,1209.553,1210.189,1000000
2017-07-11T08:00:00.000000Z,1210.186,1211.678,1209.933,1210.438,1000000
2017-07-11T09:00:00.000000Z,1210.345,1211.486,1210.044,1210.602,1000000
2017-07-11T10:00:00.000000Z,1210.593,1211.039,1209.166,1210.249,1000000
2017-07-11T11:00:00.000000Z,1210.342,1210.977,1210.042,1210.498,1000000
2017-07-11T12:00:00.000000Z,1210.487,1213.013,1210.112,1212.061,1000000
2017-07-11T13:00:00.000000Z,1212.165,1212.820,1210.954,1211.192,1000000
2017-07-11T14:00:00.000000Z,1211.209,1211.367,1208.232,1208.770,1000000
2017-07-11T15:00:00.000000Z,1208.863,1217.086,1208.746,1214.290,1000000
2017-07-11T16:00:00.000000Z,1214.301,1217.617,1213.334,1215.736,1000000
2017-07-11T17:00:00.000000Z,1215.870,1216.935,1214.477,1215.256,1000000
2017-07-11T18:00:00.000000Z,1215.133,1217.475,1215.068,1216.817,1000000
2017-07-11T19:00:00.000000Z,1216.918,1217.384,1216.116,1216.392,1000000
2017-07-11T20:00:00.000000Z,1216.300,1217.646,1216.130,1217.535,1000000
2017-07-11T22:00:00.000000Z,1217.228,1217.992,1216.512,1217.094,1000000
2017-07-11T23:00:00.000000Z,1217.082,1218.195,1216.791,1218.051,1000000
2017-07-12T00:00:00.000000Z,1218.062,1220.145,1216.962,1219.352,1000000
2017-07-12T01:00:00.000000Z,1219.366,1220.543,1218.235,1218.626,1000000
2017-07-12T02:00:00.000000Z,1218.634,1219.680,1218.362,1219.419,1000000
2017-07-12T03:00:00.000000Z,1219.519,1220.371,1219.018,1220.169,1000000
2017-07-12T04:00:00.000000Z,1220.273,1220.294,1219.346,1219.805,1000000
2017-07-12T05:00:00.000000Z,1219.704,1220.672,1219.442,1220.094,1000000
2017-07-12T06:00:00.000000Z,1219.992,1220.612,1217.584,1218.198,1000000
2017-07-12T07:00:00.000000Z,1218.092,1219.256,1217.678,1218.207,1000000
2017-07-12T08:00:00.000000Z,1218.302,1219.246,1218.129,1218.562,1000000
2017-07-12T09:00:00.000000Z,1218.660,1219.621,1218.343,1218.701,1000000
2017-07-12T10:00:00.000000Z,1218.595,1219.102,1216.722,1217.231,1000000
2017-07-12T11:00:00.000000Z,1217.126,1218.064,1216.274,1217.781,1000000
2017-07-12T12:00:00.000000Z,1217.685,1225.834,1213.460,1224.820,1000000
2017-07-12T13:00:00.000000Z,1224.720,1225.927,1220.216,1221.104,1000000
2017-07-12T14:00:00.000000Z,1221.126,1223.462,1218.451,1223.015,1000000
2017-07-12T15:00:00.000000Z,1223.109,1223.450,1219.576,1221.154,1000000
2017-07-12T16:00:00.000000Z,1221.256,1221.874,1220.578,1221.446,1000000
2017-07-12T17:00:00.000000Z,1221.354,1221.459,1218.970,1219.751,1000000
2017-07-12T18:00:00.000000Z,1219.849,1221.200,1219.620,1220.341,1000000
2017-07-12T19:00:00.000000Z,1220.249,1221.770,1220.021,1220.261,1000000
2017-07-12T20:00:00.000000Z,1220.167,1220.660,1219.783,1220.303,1000000
2017-07-12T22:00:00.000000Z,1219.996,1219.999,1217.765,1219.314,1000000
2017-07-12T23:00:00.000000Z,1219.176,1219.880,1218.574,1219.098,1000000
2017-07-13T00:00:00.000000Z,1218.989,1220.614,1218.231,1220.344,1000000
2017-07-13T01:00:00.000000Z,1220.236,1222.087,1220.179,1221.962,1000000
2017-07-13T02:00:00.000000Z,1221.860,1223.524,1221.189,1223.030,1000000
2017-07-13T03:00:00.000000Z,1223.134,1224.009,1222.957,1223.559,1000000
2017-07-13T04:00:00.000000Z,1223.458,1223.768,1222.760,1223.290,1000000
2017-07-13T05:00:00.000000Z,1223.310,1224.111,1222.918,1223.338,1000000
2017-07-13T06:00:00.000000Z,1223.347,1224.591,1222.440,1223.311,1000000
2017-07-13T07:00:00.000000Z,1223.428,1223.467,1221.828,1222.258,1000000
2017-07-13T08:00:00.000000Z,1222.155,1223.238,1221.288,1221.630,1000000
2017-07-13T09:00:00.000000Z,1221.726,1222.580,1221.592,1222.228,1000000
2017-07-13T10:00:00.000000Z,1222.323,1223.246,1222.018,1222.599,1000000
2017-07-13T11:00:00.000000Z,1222.580,1223.052,1219.630,1220.306,1000000
2017-07-13T12:00:00.000000Z,1220.212,1222.080,1218.959,1220.474,1000000
2017-07-13T13:00:00.000000Z,1220.569,1221.149,1218.568,1219.825,1000000
2017-07-13T14:00:00.000000Z,1219.840,1219.840,1216.647,1218.480,1000000
2017-07-13T15:00:00.000000Z,1218.576,1218.929,1216.812,1218.070,1000000
2017-07-13T16:00:00.000000Z,1217.974,1218.845,1217.030,1218.120,1000000
2017-07-13T17:00:00.000000Z,1218.016,1219.238,1217.096,1218.732,1000000
2017-07-13T18:00:00.000000Z,1218.854,1219.548,1218.347,1218.524,1000000
2017-07-13T19:00:00.000000Z,1218.623,1218.718,1217.725,1218.212,1000000
2017-07-13T20:00:00.000000Z,1218.306,1218.517,1217.299,1217.622,1000000
2017-07-13T22:00:00.000000Z,1216.766,1218.270,1216.753,1217.702,1000000
2017-07-13T23:00:00.000000Z,1217.846,1218.130,1217.094,1217.627,1000000
2017-07-14T00:00:00.000000Z,1217.739,1218.713,1215.096,1216.968,1000000
2017-07-14T01:00:00.000000Z,1217.071,1217.071,1214.824,1216.181,1000000
2017-07-14T02:00:00.000000Z,1216.086,1217.190,1215.457,1216.954,1000000
2017-07-14T03:00:00.000000Z,1216.851,1217.175,1216.462,1216.854,1000000
2017-07-14T04:00:00.000000Z,1216.744,1217.058,1216.416,1216.655,1000000
2017-07-14T05:00:00.000000Z,1216.770,1218.292,1216.586,1218.276,1000000
2017-07-14T06:00:00.000000Z,1218.179,1219.186,1217.677,1218.108,1000000
2017-07-14T07:00:00.000000Z,1218.006,1218.800,1217.399,1217.810,1000000
2017-07-14T08:00:00.000000Z,1217.912,1219.570,1217.782,1219.082,1000000
2017-07-14T09:00:00.000000Z,1219.196,1219.806,1218.695,1219.528,1000000
2017-07-14T10:00:00.000000Z,1219.430,1220.376,1218.925,1220.376,1000000
2017-07-14T11:00:00.000000Z,1220.474,1223.160,1220.464,1222.501,1000000
2017-07-14T12:00:00.000000Z,1222.512,1232.796,1220.960,1231.906,1000000
2017-07-14T13:00:00.000000Z,1231.920,1232.269,1229.544,1231.570,1000000
2017-07-14T14:00:00.000000Z,1231.580,1233.068,1227.762,1228.924,1000000
2017-07-14T15:00:00.000000Z,1229.016,1229.612,1226.759,1228.454,1000000
2017-07-14T16:00:00.000000Z,1228.570,1229.210,1227.724,1228.514,1000000
2017-07-14T17:00:00.000000Z,1228.418,1229.086,1227.727,1228.676,1000000
2017-07-14T18:00:00.000000Z,1228.571,1228.976,1228.174,1228.857,1000000
2017-07-14T19:00:00.000000Z,1228.958,1229.238,1228.210,1228.283,1000000
2017-07-14T20:00:00.000000Z,1228.422,1229.511,1228.286,1228.477,1000000
2017-07-16T22:00:00.000000Z,1228.936,1230.814,1228.273,1230.366,1000000
2017-07-16T23:00:00.000000Z,1230.370,1231.236,1229.862,1230.964,1000000
2017-07-17T00:00:00.000000Z,1230.846,1231.594,1230.699,1231.229,1000000
2017-07-17T01:00:00.000000Z,1231.138,1232.252,1230.478,1231.294,1000000
2017-07-17T02:00:00.000000Z,1231.198,1232.435,1230.188,1230.768,1000000
2017-07-17T03:00:00.000000Z,1230.675,1231.830,1230.662,1231.356,1000000
2017-07-17T04:00:00.000000Z,1231.254,1231.440,1230.430,1230.706,1000000
2017-07-17T05:00:00.000000Z,1230.802,1231.748,1229.872,1231.452,1000000
2017-07-17T06:00:00.000000Z,1231.464,1231.526,1229.420,1230.296,1000000
2017-07-17T07:00:00.000000Z,1230.195,1231.308,1230.044,1230.601,1000000
2017-07-17T08:00:00.000000Z,1230.509,1230.828,1229.952,1230.538,1000000
2017-07-17T09:00:00.000000Z,1230.544,1231.054,1229.564,1230.345,1000000
2017-07-17T10:00:00.000000Z,1230.362,1231.652,1230.016,1231.009,1000000
2017-07-17T11:00:00.000000Z,1230.999,1235.303,1230.954,1234.510,1000000
2017-07-17T12:00:00.000000Z,1234.608,1235.533,1233.048,1234.246,1000000
2017-07-17T13:00:00.000000Z,1234.342,1235.980,1233.903,1235.627,1000000
2017-07-17T14:00:00.000000Z,1235.516,1236.101,1233.278,1233.672,1000000
2017-07-17T15:00:00.000000Z,1233.782,1234.617,1232.887,1233.711,1000000
2017-07-17T16:00:00.000000Z,1233.810,1234.696,1233.672,1234.371,1000000
2017-07-17T17:00:00.000000Z,1234.350,1235.646,1233.904,1235.069,1000000
2017-07-17T18:00:00.000000Z,1234.976,1235.232,1234.487,1234.659,1000000
2017-07-17T19:00:00.000000Z,1234.650,1235.752,1233.568,1233.786,1000000
2017-07-17T20:00:00.000000Z,1233.798,1234.444,1233.580,1233.966,1000000
2017-07-17T22:00:00.000000Z,1233.992,1235.224,1233.543,1234.366,1000000
2017-07-17T23:00:00.000000Z,1234.496,1234.651,1232.970,1232.978,1000000
2017-07-18T00:00:00.000000Z,1232.960,1235.320,1232.861,1235.189,1000000
2017-07-18T01:00:00.000000Z,1235.289,1238.118,1235.051,1237.649,1000000
2017-07-18T02:00:00.000000Z,1237.747,1238.408,1237.169,1237.478,1000000
2017-07-18T03:00:00.000000Z,1237.378,1238.095,1237.124,1237.336,1000000
2017-07-18T04:00:00.000000Z,1237.228,1237.984,1237.168,1237.966,1000000
2017-07-18T05:00:00.000000Z,1237.867,1239.032,1237.316,1237.800,1000000
2017-07-18T06:00:00.000000Z,1237.902,1238.208,1236.595,1237.375,1000000
2017-07-18T07:00:00.000000Z,1237.278,1237.448,1235.280,1236.671,1000000
2017-07-18T08:00:00.000000Z,1236.578,1236.911,1235.701,1236.003,1000000
2017-07-18T09:00:00.000000Z,1236.104,1237.150,1235.923,1237.014,1000000
2017-07-18T10:00:00.000000Z,1237.108,1238.504,1236.406,1237.652,1000000
2017-07-18T11:00:00.000000Z,1237.559,1238.472,1236.350,1237.788,1000000
2017-07-18T12:00:00.000000Z,1237.880,1242.659,1237.773,1241.418,1000000
2017-07-18T13:00:00.000000Z,1241.513,1241.871,1239.971,1240.945,1000000
2017-07-18T14:00:00.000000Z,1241.049,1243.594,1240.275,1241.664,1000000
2017-07-18T15:00:00.000000Z,1241.768,1243.427,1241.208,1242.991,1000000
2017-07-18T16:00:00.000000Z,1242.895,1244.421,1241.620,1242.174,1000000
2017-07-18T17:00:00.000000Z,1242.162,1242.908,1241.674,1242.056,1000000
2017-07-18T18:00:00.000000Z,1242.153,1244.672,1242.022,1243.846,1000000
2017-07-18T19:00:00.000000Z,1243.947,1244.000,1241.607,1242.028,1000000
2017-07-18T20:00:00.000000Z,1242.029,1242.566,1241.726,1242.238,1000000
2017-07-18T22:00:00.000000Z,1243.008,1243.360,1242.029,1242.480,1000000
2017-07-18T23:00:00.000000Z,1242.360,1243.040,1242.084,1242.834,1000000
2017-07-19T00:00:00.000000Z,1242.851,1243.588,1242.432,1242.442,1000000
2017-07-19T01:00:00.000000Z,1242.344,1242.420,1240.647,1241.048,1000000
2017-07-19T02:00:00.000000Z,1240.947,1242.086,1240.600,1241.508,1000000
2017-07-19T03:00:00.000000Z,1241.516,1241.746,1241.021,1241.555,1000000
2017-07-19T04:00:00.000000Z,1241.453,1241.773,1241.105,1241.306,1000000
2017-07-19T05:00:00.000000Z,1241.310,1241.518,1239.159,1239.734,1000000
2017-07-19T06:00:00.000000Z,1239.634,1241.509,1238.670,1240.005,1000000
2017-07-19T07:00:00.000000Z,1240.096,1240.452,1235.573,1238.028,1000000
2017-07-19T08:00:00.000000Z,1237.925,1239.354,1237.003,1238.822,1000000
2017-07-19T09:00:00.000000Z,1238.810,1240.346,1238.546,1240.127,1000000
2017-07-19T10:00:00.000000Z,1240.026,1240.374,1239.397,1239.988,1000000
2017-07-19T11:00:00.000000Z,1239.854,1242.688,1239.468,1241.961,1000000
2017-07-19T12:00:00.000000Z,1242.064,1244.160,1240.887,1243.308,1000000
2017-07-19T13:00:00.000000Z,1243.407,1244.066,1242.164,1242.164,1000000
2017-07-19T14:00:00.000000Z,1242.259,1242.560,1239.358,1241.919,1000000
2017-07-19T15:00:00.000000Z,1241.809,1242.408,1240.055,1240.905,1000000
2017-07-19T16:00:00.000000Z,1241.003,1242.542,1240.704,1242.375,1000000
2017-07-19T17:00:00.000000Z,1242.468,1242.725,1241.612,1241.980,1000000
2017-07-19T18:00:00.000000Z,1241.874,1242.074,1241.257,1241.750,1000000
2017-07-19T19:00:00.000000Z,1241.848,1241.980,1241.304,1241.660,1000000
2017-07-19T20:00:00.000000Z,1241.761,1242.011,1240.824,1241.346,1000000
2017-07-19T22:00:00.000000Z,1241.346,1242.300,1240.922,1241.800,1000000
2017-07-19T23:00:00.000000Z,1241.699,1242.702,1241.436,1241.437,1000000
2017-07-20T00:00:00.000000Z,1241.552,1242.158,1239.762,1240.558,1000000
2017-07-20T01:00:00.000000Z,1240.570,1240.710,1238.305,1239.066,1000000
2017-07-20T02:00:00.000000Z,1239.169,1239.893,1238.266,1239.015,1000000
2017-07-20T03:00:00.000000Z,1238.906,1239.670,1237.562,1237.872,1000000
2017-07-20T04:00:00.000000Z,1237.862,1238.952,1237.574,1238.898,1000000
2017-07-20T05:00:00.000000Z,1238.908,1238.974,1238.059,1238.235,1000000
2017-07-20T06:00:00.000000Z,1238.140,1240.122,1237.914,1239.694,1000000
2017-07-20T07:00:00.000000Z,1239.682,1239.813,1236.543,1237.625,1000000
2017-07-20T08:00:00.000000Z,1237.614,1238.468,1237.457,1237.926,1000000
2017-07-20T09:00:00.000000Z,1238.019,1238.487,1237.465,1238.056,1000000
2017-07-20T10:00:00.000000Z,1237.958,1238.081,1236.802,1236.958,1000000
2017-07-20T11:00:00.000000Z,1237.057,1237.720,1235.334,1237.584,1000000
2017-07-20T12:00:00.000000Z,1237.594,1241.294,1236.840,1241.090,1000000
2017-07-20T13:00:00.000000Z,1240.984,1242.287,1238.312,1238.450,1000000
2017-07-20T14:00:00.000000Z,1238.462,1247.498,1237.468,1245.872,1000000
2017-07-20T15:00:00.000000Z,1245.971,1247.654,1244.830,1246.134,1000000
2017-07-20T16:00:00.000000Z,1246.033,1247.403,1245.914,1246.326,1000000
2017-07-20T17:00:00.000000Z,1246.417,1246.741,1244.584,1244.948,1000000
2017-07-20T18:00:00.000000Z,1244.949,1245.580,1243.472,1243.978,1000000
2017-07-20T19:00:00.000000Z,1243.996,1244.534,1242.738,1243.799,1000000
2017-07-20T20:00:00.000000Z,1243.900,1244.934,1243.742,1244.458,1000000
2017-07-20T22:00:00.000000Z,1244.532,1244.938,1243.897,1244.650,1000000
2017-07-20T23:00:00.000000Z,1244.518,1244.780,1243.428,1244.046,1000000
2017-07-21T00:00:00.000000Z,1243.954,1244.738,1243.450,1243.988,1000000
2017-07-21T01:00:00.000000Z,1244.088,1245.320,1243.504,1244.596,1000000
2017-07-21T02:00:00.000000Z,1244.702,1246.014,1244.561,1245.118,1000000
2017-07-21T03:00:00.000000Z,1245.232,1245.728,1244.934,1245.292,1000000
2017-07-21T04:00:00.000000Z,1245.200,1245.414,1244.601,1245.392,1000000
2017-07-21T05:00:00.000000Z,1245.489,1246.434,1244.934,1246.434,1000000
2017-07-21T06:00:00.000000Z,1246.328,1248.046,1245.944,1247.363,1000000
2017-07-21T07:00:00.000000Z,1247.470,1248.448,1246.942,1247.904,1000000
2017-07-21T08:00:00.000000Z,1248.005,1248.480,1246.924,1246.932,1000000
2017-07-21T09:00:00.000000Z,1247.026,1248.152,1246.892,1248.133,1000000
2017-07-21T10:00:00.000000Z,1248.228,1248.786,1247.118,1248.026,1000000
2017-07-21T11:00:00.000000Z,1248.127,1249.639,1247.047,1248.989,1000000
2017-07-21T12:00:00.000000Z,1249.087,1252.203,1248.542,1251.606,1000000
2017-07-21T13:00:00.000000Z,1251.516,1252.051,1249.341,1250.181,1000000
2017-07-21T14:00:00.000000Z,1250.172,1252.136,1249.004,1251.287,1000000
2017-07-21T15:00:00.000000Z,1251.192,1252.792,1250.411,1252.313,1000000
2017-07-21T16:00:00.000000Z,1252.223,1253.976,1251.944,1253.834,1000000
2017-07-21T17:00:00.000000Z,1253.933,1255.068,1253.540,1254.946,1000000
2017-07-21T18:00:00.000000Z,1254.848,1255.826,1254.290,1255.243,1000000
2017-07-21T19:00:00.000000Z,1255.340,1255.350,1254.262,1254.300,1000000
2017-07-21T20:00:00.000000Z,1254.199,1255.394,1254.120,1255.259,1000000
2017-07-23T22:00:00.000000Z,1254.951,1255.926,1253.445,1253.838,1000000
2017-07-23T23:00:00.000000Z,1253.716,1256.430,1253.716,1256.296,1000000
2017-07-24T00:00:00.000000Z,1256.308,1257.408,1255.490,1255.916,1000000
2017-07-24T01:00:00.000000Z,1255.816,1255.941,1253.996,1254.101,1000000
2017-07-24T02:00:00.000000Z,1254.088,1254.828,1253.728,1253.982,1000000
2017-07-24T03:00:00.000000Z,1254.085,1254.984,1253.796,1254.492,1000000
2017-07-24T04:00:00.000000Z,1254.392,1254.867,1254.064,1254.214,1000000
2017-07-24T05:00:00.000000Z,1254.112,1254.822,1253.539,1254.478,1000000
2017-07-24T06:00:00.000000Z,1254.491,1254.528,1251.986,1252.485,1000000
2017-07-24T07:00:00.000000Z,1252.595,1255.450,1252.001,1253.856,1000000
2017-07-24T08:00:00.000000Z,1253.955,1256.868,1253.266,1256.069,1000000
2017-07-24T09:00:00.000000Z,1255.976,1258.022,1255.573,1256.201,1000000
2017-07-24T10:00:00.000000Z,1256.109,1257.871,1255.976,1256.585,1000000
2017-07-24T11:00:00.000000Z,1256.484,1257.002,1255.650,1256.105,1000000
2017-07-24T12:00:00.000000Z,1256.203,1258.898,1255.490,1258.255,1000000
2017-07-24T13:00:00.000000Z,1258.158,1258.267,1255.219,1256.170,1000000
2017-07-24T14:00:00.000000Z,1256.118,1257.798,1254.794,1255.022,1000000
2017-07-24T15:00:00.000000Z,1255.032,1256.803,1254.639,1255.967,1000000
2017-07-24T16:00:00.000000Z,1255.877,1256.032,1253.706,1255.199,1000000
2017-07-24T17:00:00.000000Z,1255.108,1255.360,1253.930,1254.631,1000000
2017-07-24T18:00:00.000000Z,1254.527,1255.390,1254.419,1255.031,1000000
2017-07-24T19:00:00.000000Z,1255.129,1255.546,1254.509,1255.068,1000000
2017-07-24T20:00:00.000000Z,1255.164,1255.614,1255.030,1255.030,1000000
2017-07-24T22:00:00.000000Z,1255.462,1256.696,1253.714,1255.043,1000000
2017-07-24T23:00:00.000000Z,1254.897,1255.245,1253.350,1253.703,1000000
2017-07-25T00:00:00.000000Z,1253.694,1253.808,1252.920,1253.478,1000000
2017-07-25T01:00:00.000000Z,1253.590,1254.085,1253.083,1253.901,1000000
2017-07-25T02:00:00.000000Z,1253.780,1255.742,1253.472,1255.214,1000000
2017-07-25T03:00:00.000000Z,1255.316,1255.508,1254.858,1255.074,1000000
2017-07-25T04:00:00.000000Z,1255.070,1256.362,1255.067,1256.016,1000000
2017-07-25T05:00:00.000000Z,1256.013,1257.114,1255.104,1256.822,1000000
2017-07-25T06:00:00.000000Z,1256.818,1258.034,1256.437,1256.823,1000000
2017-07-25T07:00:00.000000Z,1256.914,1257.366,1253.428,1254.051,1000000
2017-07-25T08:00:00.000000Z,1254.147,1254.720,1251.273,1253.115,1000000
2017-07-25T09:00:00.000000Z,1253.215,1253.215,1251.751,1252.201,1000000
2017-07-25T10:00:00.000000Z,1252.104,1252.104,1249.154,1251.216,1000000
2017-07-25T11:00:00.000000Z,1251.230,1251.607,1249.364,1250.248,1000000
2017-07-25T12:00:00.000000Z,1250.260,1253.614,1250.124,1251.454,1000000
2017-07-25T13:00:00.000000Z,1251.330,1255.180,1251.248,1254.468,1000000
2017-07-25T14:00:00.000000Z,1254.597,1254.656,1250.101,1250.279,1000000
2017-07-25T15:00:00.000000Z,1250.182,1251.650,1249.834,1251.420,1000000
2017-07-25T16:00:00.000000Z,1251.522,1252.045,1249.606,1251.128,1000000
2017-07-25T17:00:00.000000Z,1251.026,1252.571,1251.025,1251.703,1000000
2017-07-25T18:00:00.000000Z,1251.690,1251.908,1249.671,1250.202,1000000
2017-07-25T19:00:00.000000Z,1250.111,1250.835,1249.574,1250.819,1000000
2017-07-25T20:00:00.000000Z,1250.716,1250.834,1249.562,1250.183,1000000
2017-07-25T22:00:00.000000Z,1250.190,1250.828,1249.372,1249.446,1000000
2017-07-25T23:00:00.000000Z,1249.587,1250.061,1246.630,1246.892,1000000
2017-07-26T00:00:00.000000Z,1246.758,1249.014,1246.537,1248.960,1000000
2017-07-26T01:00:00.000000Z,1249.056,1249.104,1247.746,1248.516,1000000
2017-07-26T02:00:00.000000Z,1248.530,1248.626,1247.754,1247.946,1000000
2017-07-26T03:00:00.000000Z,1247.853,1247.972,1246.168,1247.411,1000000
2017-07-26T04:00:00.000000Z,1247.422,1248.332,1247.002,1247.042,1000000
2017-07-26T05:00:00.000000Z,1246.949,1247.159,1244.801,1245.642,1000000
2017-07-26T06:00:00.000000Z,1245.644,1246.589,1243.822,1245.217,1000000
2017-07-26T07:00:00.000000Z,1245.312,1246.003,1244.330,1245.384,1000000
2017-07-26T08:00:00.000000Z,1245.481,1246.585,1245.132,1245.345,1000000
2017-07-26T09:00:00.000000Z,1245.253,1246.848,1245.239,1246.241,1000000
2017-07-26T10:00:00.000000Z,1246.148,1248.060,1246.143,1247.636,1000000
2017-07-26T11:00:00.000000Z,1247.646,1248.308,1246.858,1247.007,1000000
2017-07-26T12:00:00.000000Z,1247.112,1247.791,1245.610,1246.779,1000000
2017-07-26T13:00:00.000000Z,1246.770,1249.010,1245.983,1248.154,1000000
2017-07-26T14:00:00.000000Z,1248.160,1249.592,1247.717,1248.127,1000000
2017-07-26T15:00:00.000000Z,1248.025,1248.651,1247.483,1248.120,1000000
2017-07-26T16:00:00.000000Z,1248.027,1248.694,1247.790,1248.168,1000000
2017-07-26T17:00:00.000000Z,1248.270,1252.022,1248.198,1250.882,1000000
2017-07-26T18:00:00.000000Z,1250.670,1256.629,1248.391,1256.295,1000000
2017-07-26T19:00:00.000000Z,1256.297,1263.594,1256.295,1261.168,1000000
2017-07-26T20:00:00.000000Z,1261.276,1261.554,1259.908,1261.137,1000000
2017-07-26T22:00:00.000000Z,1260.066,1261.942,1259.612,1261.491,1000000
2017-07-26T23:00:00.000000Z,1261.501,1261.552,1259.802,1260.408,1000000
2017-07-27T00:00:00.000000Z,1260.412,1263.020,1259.874,1261.483,1000000
